Camp,Country,NearCity,Subcamp,Type,Company,Function,TimeActive,Gender,OtherNames,PrisonerNumbers
Bergen-Belsen,Germany,,FALSE,,FALSE,,,,,
Bîrgermoor,Germany,,FALSE,,FALSE,,,,,
Buchenwald,Germany,,FALSE,,FALSE,,,,,
Dachau,Germany,,FALSE,,FALSE,,,,,
Dieburg,Germany,,FALSE,,FALSE,,,,,
Esterwegen,Germany,,FALSE,,FALSE,,,,,
Flossenburg,Germany,,FALSE,,FALSE,,,,,
Gundelsheim,Germany,,FALSE,,FALSE,,,,,
Neuengamme,Germany,,FALSE,,FALSE,,,,,
Papenburg,Germany,,FALSE,,FALSE,,,,,
Ravensbruck,Germany,,FALSE,,FALSE,,,,,
Sachsenhausen,Germany,,FALSE,,FALSE,,,,,
Sachsenburg,Germany,,FALSE,,FALSE,,,,,
Mauthausen,Austria,,FALSE,,FALSE,,,,,
Breendonck,Belgium,,FALSE,,FALSE,,,,,
Theresienstadt,Czechoslovakia,,FALSE,,FALSE,,,,,
Vivara,Estonia,,FALSE,,FALSE,,,,,
Finland:,Estonia,,FALSE,,FALSE,,,,,
Kangasjarvi,Estonia,,FALSE,,FALSE,,,,,
Koveri,Estonia,,FALSE,,FALSE,,,,,
Argeles,France,,FALSE,,FALSE,,,,,
Aurigny,France,,FALSE,,FALSE,,,,,
Brens,France,,FALSE,,FALSE,,,,,
Drancy,France,,FALSE,,FALSE,,,,,
Gurs,France,,FALSE,,FALSE,,,,,
Les Milles,France,,FALSE,,FALSE,,,,,
Le Vernet,France,,FALSE,,FALSE,,,,,
Natzweiler-Struthof,France,,FALSE,,FALSE,,,,,
NoÇ,France,,FALSE,,FALSE,,,,,
RÇcÇbÇdou,France,,FALSE,,FALSE,,,,,
Rieucros,France,,FALSE,,FALSE,,,,,
Rivesaltes,France,,FALSE,,FALSE,,,,,
Suresnes,France,,FALSE,,FALSE,,,,,
Thill,France,,FALSE,,FALSE,,,,,
Abadla,France,,FALSE,WORK,FALSE,,,,,
Ain el Ourak,France,,FALSE,WORK,FALSE,,,,,
Bechar,France,,FALSE,WORK,FALSE,,,,,
Berguent,France,,FALSE,WORK,FALSE,,,,,
Bogari,France,,FALSE,WORK,FALSE,,,,,
Bouarfa,France,,FALSE,WORK,FALSE,,,,,
Djelfa,France,,FALSE,WORK,FALSE,,,,,
Kenadsa,France,,FALSE,WORK,FALSE,,,,,
Meridja,France,,FALSE,WORK,FALSE,,,,,
Missour,France,,FALSE,WORK,FALSE,,,,,
Tendrara,France,,FALSE,WORK,FALSE,,,,,
Amersfoort,Netherlands,,FALSE,,FALSE,,,,,
Ommen,Netherlands,,FALSE,,FALSE,,,,,
Vught,Netherlands,,FALSE,,FALSE,,,,,
Westerbork,Netherlands,,FALSE,TRANSIT,FALSE,,,,,
Bolzano,Italy,,FALSE,,FALSE,,,,,
Fossoli,Italy,,FALSE,,FALSE,,,,,
Risiera di San Sabba,Italy,,FALSE,,FALSE,,,,,
Riga,Latvia,,FALSE,,FALSE,,,,,
Riga-Kaiserwald,Latvia,,FALSE,,FALSE,,,,,
Dundaga,Latvia,,FALSE,,FALSE,,,,,
Eleje-Meitenes,Latvia,,FALSE,,FALSE,,,,,
Jungfernhof,Latvia,,FALSE,,FALSE,,,,,
Lenta,Latvia,,FALSE,,FALSE,,,,,
Spilwe,Latvia,,FALSE,,FALSE,,,,,
Kaunas,Lithuania,,FALSE,,FALSE,,,,,
Aleksotaskowno,Lithuania,,FALSE,,FALSE,,,,,
Palemonas,Lithuania,,FALSE,,FALSE,,,,,
Pravieniskäs,Lithuania,,FALSE,,FALSE,,,,,
Volary,Lithuania,,FALSE,,FALSE,,,,,
Baerum,Norway,,FALSE,,FALSE,,,,,
Berg,Norway,,FALSE,,FALSE,,,,,
Bredtvet,Norway,,FALSE,,FALSE,,,,,
Falstadt,Norway,,FALSE,,FALSE,,,,,
Tromsdalen,Norway,,FALSE,,FALSE,,,,,
Ulven,Norway,,FALSE,,FALSE,,,,,
Auschwitz,Poland,,FALSE,EXTERMINATION,FALSE,,,,"Auschwitz-Birkenau, Oswiecim, Oscwiecim-Brzezinka, Brzezinka",
Belzec,Poland,,FALSE,EXTERMINATION,FALSE,,,,,
Bierznow,Poland,,FALSE,,FALSE,,,,,
Biesiadka,Poland,,FALSE,,FALSE,,,,,
Dzierzazna,Poland,,FALSE,CHILDREN,FALSE,,,,,
Litzmannstadt,Poland,,FALSE,CHILDREN,FALSE,,,,,
Gross-Rosen,Poland,,FALSE,,FALSE,,,,Rogoznica,
Huta-Komarowska,Poland,,FALSE,,FALSE,,,,,
Janowska,Poland,,FALSE,,FALSE,,,,,
Krakow,Poland,,FALSE,,FALSE,,,,,
Chelmno,Poland,,FALSE,EXTERMINATION,FALSE,,,,Kulmhof,
Lublin,Poland,,FALSE,PRISON,FALSE,,,,,
Lemberg,Poland,,FALSE,,FALSE,,,,Lwow,
Czwartaki,Poland,,FALSE,,FALSE,,,,,
Lemberg,Poland,,FALSE,,FALSE,,,,,
Majdanek,Poland,,FALSE,EXTERMINATION,FALSE,,,,,
Mielec,Poland,,FALSE,,FALSE,,,,,
Pawiak,Poland,,FALSE,PRISON,FALSE,,,,,
Plaszow,Poland,,Majdanek,WORK,FALSE,,,,,
Poniatowa,Poland,,FALSE,,FALSE,,,,,
Pustkow,Poland,,FALSE,WORK,FALSE,,,,,
Radogosz,Poland,,FALSE,PRISON,FALSE,,,,,
Radom,Poland,,FALSE,,FALSE,,,,,
Schmolz,Poland,,FALSE,,FALSE,,,,,
Schokken,Poland,,FALSE,,FALSE,,,,,
Sobibor,Poland,,FALSE,EXTERMINATION,FALSE,,,,,
Stutthof,Poland,,FALSE,,FALSE,,,,Sztutowo,
Treblinka,Poland,,FALSE,EXTERMINNATION,FALSE,,,,,
Wieliczka,Poland,,FALSE,,FALSE,,,,,
Zabiwoko,Poland,,FALSE,WORK,FALSE,,,,,
Zakopane,Poland,,FALSE,,FALSE,,,,,
AkmÇtchetka,Russia,,FALSE,,FALSE,,,,,
Balanowka,Russia,,FALSE,,FALSE,,,,,
Bar,Russia,,FALSE,,FALSE,,,,,
Bisjumujsje,Russia,,FALSE,,FALSE,,,,,
Bogdanovka,Russia,,FALSE,,FALSE,,,,,
Citadelle,Russia,,FALSE,POW,FALSE,,,,,
Czwartaki,Russia,,FALSE,,FALSE,,,,,
Daugavpils,Russia,,FALSE,,FALSE,,,,,
Domanievka,Russia,,FALSE,,FALSE,,,,,
Edineti,Russia,,FALSE,,FALSE,,,,,
Kielbasin,Russia,,FALSE,,FALSE,,,,Kelbassino,
Khorol,Russia,,FALSE,,FALSE,,,,,
Klooga,Russia,,FALSE,,FALSE,,,,,
Lemberg,Russia,,FALSE,,FALSE,,,,,
Mezjapark,Russia,,FALSE,,FALSE,,,,,
Ponary,Russia,,FALSE,,FALSE,,,,,
Rawa-Russkaja,Russia,,FALSE,,FALSE,,,,,
Salapils,Russia,,FALSE,,FALSE,,,,,
Strazdumujsje,Russia,,FALSE,,FALSE,,,,,
Yanowski,Russia,,FALSE,,FALSE,,,,,
Vertugen,Russia,,FALSE,,FALSE,,,,,
Banjica,Yugoslavia,,FALSE,,FALSE,,,,,
Brocice,Yugoslavia,,FALSE,,FALSE,,,,,
Chabatz,Yugoslavia,,FALSE,,FALSE,,,,,
Danica,Yugoslavia,,FALSE,,FALSE,,,,,
Dakovo,Yugoslavia,,FALSE,,FALSE,,,,,
Gornja reka,Yugoslavia,,FALSE,,FALSE,,,,,
Gradiska,Yugoslavia,,FALSE,,FALSE,,,,,
Jadovno,Yugoslavia,,FALSE,,FALSE,,,,,
Jasenovac,Yugoslavia,,FALSE,,FALSE,,,,,
Jastrebarsko,Yugoslavia,,FALSE,,FALSE,,,,,
Kragujevac,Yugoslavia,,FALSE,,FALSE,,,,,
Krapje,Yugoslavia,,FALSE,,FALSE,,,,,
Kruscica,Yugoslavia,,FALSE,,FALSE,,,,,
Lepoglava,Yugoslavia,,FALSE,,FALSE,,,,,
Loborgrad,Yugoslavia,,FALSE,,FALSE,,,,,
Sajmite,Yugoslavia,,FALSE,,FALSE,,,,,
Sisak,Yugoslavia,,FALSE,,FALSE,,,,,
Slano,Yugoslavia,,FALSE,,FALSE,,,,,
Slavonska-Pozega,Yugoslavia,,FALSE,,FALSE,,,,,
Stara-Gradiska,Yugoslavia,,FALSE,,FALSE,,,,,
Tasmajdan,Yugoslavia,,FALSE,,FALSE,,,,,
Zemun,Yugoslavia,,FALSE,,FALSE,,,,,
Aachen,Germany,Aachen,Buchenwald,WORK,,Bomb demolition squads,,,,
Abteroda,Germany,Berka/Werra,Buchenwald,WORK,BMW,Production of chemical explosives,,,,
Abteroda/Vitzeroda,Germany,Berka/Werra,Buchenwald,WORK,BMW,Manufacture of aircraft engine parts,,,,
Allendorf,Germany,Stadtallendorf,Buchenwald,WORK,Dynamit Nobel,Chemical products,,,,
Altenburg,Germany,Altenburg,Buchenwald,WORK,Hugo Schneider AG,Manufacture ofˇcartridge cases,,,,
Arolsen,Germany,Bad Arolsen,Buchenwald,WORK,,Service personnel for theˇSS officers' school,,,,
Aschersleben,Germany,Aschersleben,Buchenwald,WORK,Junkers,Production of aircraft and engines,,,,
Augustdorf (Sennelager),Germany,Augustdorf,Buchenwald,WORK,,Work forˇPanzerˇunit training and replacement,,,,
Bad Berka,Germany,Bad Berka,Buchenwald,WORK,ThÅringische Eisenbahn-AG,Railway work,,,,
Bad Gandersheim,Germany,Bad Gandersheim,Buchenwald,WORK,Bruns-Apparatebau (branch of theˇHeinkelˇaircraft company),Aircraft production,,,,
Bad Salzungen I,Germany,Bad Salzungen,Buchenwald,WORK,OT-Bauleitung,Road construction,,,,
Bad Salzungen II,Germany,Bad Salzungen,Buchenwald,WORK,OT-Sonder-Bauleitung,Potashˇmining,,,,
Bensberg,Germany,Bergisch Gladbach,Buchenwald,WORK,OT-Bauleitung,Construction and repair work,,,,
Berga,Germany,Berga,Buchenwald,WORK,Brabag,Tunneling,,,,
Berlstedt,Germany,Berlstedt,Buchenwald,WORK,SS-WVHA,"Brick manufacturing, road construction",,,,
Bernburg / Plîmnitz,Germany,Bernburg,Buchenwald,WORK,"OT-Bauleitung, Allgemeine Solvay-Werke",Concrete pouring,,,,
Billroda,Germany,Billroda,Buchenwald,WORK,,"Potash mining, construction",,,,
Blankenhain,Germany,Blankenhain,Buchenwald,WORK,,Sand mining,,,,
Bochum I,Germany,Bochum,Buchenwald,WORK,,Bomb demolition squads,,,,
Bochum II,Germany,Bochum,Buchenwald,WORK,Eisen- und HÅttenwerke AG,Armor and steel production,,,,
Bochum III,Germany,Bochum,Buchenwald,WORK,Bochumer Verein,Bullet manufacture,,,,
Bîhlen,Germany,Bîhlen,Buchenwald,WORK,Brabag,Cleanup after an air raid,,,,
Braunschweig,Germany,Braunschweig,Buchenwald,WORK,SS Junker School,Repair work,,,,
Colditz,Germany,Colditz,Buchenwald,WORK,Hugo Schneider AG,Munitionsˇfactory,,,,
Crawinkel,Germany,Crawinkel,Buchenwald,WORK,SS-WVHA,Quarryˇwork and tunneling for railways,,,,
Dessau I,Germany,Dessau,Buchenwald,WORK,Waggonbau Dessau,Manufacture of railway cars,,,,
Dessau II,Germany,Dessau,Buchenwald,WORK,Junkers,Production of aircraft and engines,,,,
Dortmund I,Germany,Dortmund,Buchenwald,WORK,,Bomb demolition squads,,,,
Dortmund II,Germany,Dortmund,Buchenwald,WORK,Dortmund-Hîrder HÅttenverein AG,Munitions factory,,,,
Duisburg,Germany,Duisburg,Buchenwald,WORK,City of Duisburg,Bomb demolition and general work,,,,
DÅsseldorf-Friedrichstadt I,Germany,DÅsseldorf,Buchenwald,WORK,"SS and Police Leader, West Germany",Bomb demolition squads,,,,
DÅsseldorf-Friedrichstadt II,Germany,DÅsseldorf,Buchenwald,WORK,SS-WVHA,Clearing debris,,,,
"DÅsseldorf-Grafenberg, Dinnendahlstra·e-SchlÅterstra·e",Germany,DÅsseldorf,Buchenwald,WORK,Rheinmetall-Borsig AG,Parts manufacture forˇV-1ˇandˇV-2ˇmissiles,,,,
DÅsseldorf-Lohausen,Germany,DÅsseldorf,Buchenwald,WORK,"SS and Police Leader, DÅsseldorf",Blasting operations,,,,
Eisenach,Germany,Eisenach,Buchenwald,WORK,BMW,Manufacture of aircraft engine parts,,,,
Elsnig,Germany,Elsnig,Buchenwald,WORK,WestfÑlisch-Anhaltische Sprengstoff AG,Production ofˇTNTˇexplosives,,,,
Espenfeld,Germany,Ohrdruf,Buchenwald,WORK,,Construction of tunnels inˇJonas Valley,,,,
Essen I,Germany,Essen,Buchenwald,WORK,SS-WVHA,"Clearing debris, bomb demolition",,,,
Essen II,Germany,Essen,Buchenwald,WORK,Krupp Gussstahlfabrik,General work in a steel mill,,,,
Flî·berg bei Leipzig,Germany,Frohburg,Buchenwald,WORK,Flîssberger Metallwerke,Manufacture of ammunition and rocket-propelled grenades,,,,
Gelsenkirchen-Horst,Germany,Gelsenkirchen,Buchenwald,WORK,Gelsenberg Benzin AG,"Munitions factory, clearing debris",,,,
Gie·en,Germany,Giessen,Buchenwald,WORK,Medical and Training Division of the SS hospital,Construction ofˇbunkers,,,,
Goslar,Germany,Goslar,Buchenwald,WORK,,General work for theˇLuftwaffeˇair base command,,,,
Gîttingen,Germany,Gîttingen,Buchenwald,WORK,,Work in the SS cavalry school,,,,
Hadmersleben,Germany,Hadmersleben,Buchenwald,WORK,,"Construction, airplane part manufacture",,,,
Halberstadt,Germany,Halberstadt,Buchenwald,WORK,"Junkers,ˇHalberstadt",Manufacture of aircraft wings,,,,
"Halberstadt """"B2""""",Germany,Halberstadt,Buchenwald,WORK,,"Road construction, tunnel expansion",,,,
Halberstadt-Zwieberge,Germany,Halberstadt,Buchenwald,WORK,Malachite AG,"Tunnel, road and railway construction",,,,
Halberstadt-Zwieberge,Germany,Halberstadt,Buchenwald,WORK,OT-Bauleitung,Tunnel construction,,,,
Halle an der Saale,Germany,Halle,Buchenwald,WORK,Siebel-Flugzeugwerke GmbH,Manufacture of aircraft wings,,,,
Hessisch Lichtenau,Germany,Hessisch Lichtenau,Buchenwald,WORK,"Dynamit Nobel,ˇIG Farben",Munitions factory,,,,
Holzen bei Eschershausen,Germany,Holzen,Buchenwald,WORK,OT-Bauleitung,Expansion of tunnels for arms production,,,,
Jena,Germany,Jena,Buchenwald,WORK,RAWˇJena,Locomotive repair,,,,
Kassel,Germany,Kassel,Buchenwald,WORK,,Railway repair,,,,
Kassel-Druseltal,Germany,Kassel,Buchenwald,WORK,,Construction of a command post for theˇSS and Police Leader,,,,
Kîln I,Germany,Cologne,Buchenwald,WORK,City of Cologne,"Blasting operations, work in gas, electricity and water utilities, work at the airport",,,,
Kîln II,Germany,Cologne,Buchenwald,WORK,Various,"Construction, debris removal and cleanup, repair of gas and water lines",,,,
Kîln-Deutz,Germany,Cologne,Buchenwald,WORK,Vereinigte Westdeutsche Waggonfabriken AG,"Manufacture of motor vehicles, cleanup and defusing bombs",,,,
Kîln-Niehl,Germany,Cologne,Buchenwald,WORK,Ford-Werke AG,"Manufacture of motor vehicles, bricklaying, carpentry",,,,
Kranichfeld,Germany,Kranichfeld,Buchenwald,WORK,SS-WVHA,Restoration of a castle inˇKranichfeld,,,,
Langensalza,Germany,Bad Langensalza,Buchenwald,WORK,"Langenwerke AG, Junker",Manufacture and assembly of aircraft parts,,,,
Leipzig-Engelsdorf,Germany,Leipzig,Buchenwald,WORK,,Armaments production,,,,
Leipzig-Schînau,Germany,Leipzig,Buchenwald,WORK,Allgemeine Transportanlagen GmbH,Manufacture of aircraft parts,,,,
Leipzig-Schînefeld,Germany,Leipzig,Buchenwald,WORK,Hugo Schneider AG,Production of anti-tank weapons and aircraft parts,,,,
Leipzig-Thekla,Germany,Leipzig,Buchenwald,WORK,Erla Maschinenwerk,Manufacture of aircraft parts,,,,
Leopoldshall,Germany,Sta·furt,Buchenwald,WORK,Junkers,Construction of aircraft control panels,,,,
Lichtenburg,Germany,Prettin,Buchenwald,WORK,,Holding center for prisoners before Buchenwald camp was completed,,,,
Lippstadt I,Germany,Lippstadt,Buchenwald,WORK,WestfÑlische Metall-Industrie AG,Manufacture of munitions and aircraft parts,,,,
Lippstadt II,Germany,Lippstadt,Buchenwald,WORK,LippstÑdter Eisen- und Metallwerke GmbH,Manufacture of munitions and aircraft parts,,,,
LÅtzkendorf,Germany,MÅcheln,Buchenwald,WORK,Wintershall AG,Reconstruction of oil refinery after air raid,,,,
Magdeburg,Germany,Magdeburg,Buchenwald,WORK,Polte-Werke,"Munitions factory, clearing debris",,,,
Markkleeberg,Germany,Markkleeberg,Buchenwald,WORK,Junkers,Manufacture of aircraft parts,,,,
Meuselwitz,Germany,Meuselwitz,Buchenwald,WORK,Hugo Schneider AG,Production ofˇbazookasˇand grenades,,,,
Mittelbau-Dora,Germany,Nordhausen,Buchenwald,WORK,"Mittelwerk GmbH, Junkers","Production of V1 flying bombs, V2 rocket assemblies, HE-162 jet engines",,,,
MÅhlhausen I,Germany,MÅhlhausen,Buchenwald,WORK,GerÑtebau GmbH,Manufacture of aircraft parts and detonators,,,,
MÅhlhausen II,Germany,MÅhlhausen,Buchenwald,WORK,"MÅhlenwerke AG, Junkers",Manufacture of aircraft engine parts,,,,
Niederorschel,Germany,Niederorschel,Buchenwald,WORK,Langenwerke AG,Work in a plywood mill,,,,
Nordhausen,Germany,Nordhausen,Buchenwald,WORK,,"Bomb demolition, clearing debris at air base",,,,
Oberndorf beiˇHermsdorf,Germany,Kraftsdorf,Buchenwald,WORK,Luftwaffen munitions plant,"Loading, transporting and stacking bombs",,,,
Ohrdruf,Germany,Ohrdruf,Buchenwald,WORK,SS-WVHA,"Railway construction, excavation",,,,
Penig,Germany,Penig,Buchenwald,WORK,Max Gerth Werke,Manufacture of aircraft,,,,
Raguhn bei Dessau,Germany,Raguhn,Buchenwald,WORK,Heerbrandt Werke AG,Manufacture of aircraft parts,,,,
Rothenburg an der Saale,Germany,Rothenburg,Buchenwald,WORK,Mansfeld AG fÅr Bergbau und HÅttenbetrieb,Production of rifle and pistol ammunition,,,,
"Saalfeld (""""Frîhliches Tal"""")",Germany,nearˇWurzbach,Buchenwald,WORK,OT-Bauleitung,Tunnel construction,,,,
Schlieben,Germany,Schlieben,Buchenwald,WORK,Hugo Schneider AG,Production ofˇbazookasˇand grenades,,,,
Schînebeck/Elbe I,Germany,Schînebeck,Buchenwald,WORK,Junkers,Manufacture of aircraft,,,,
Schînebeck/Elbe II,Germany,Schînebeck,Buchenwald,WORK,Nationale Radiatoren,Manufacture of electrical components for the V-2 missile,,,,
Schwerte an der Ruhr,Germany,Schwerte,Buchenwald,WORK,RAWˇSchwerte,Locomotive repair,,,,
Sîmmerda,Germany,Sîmmerda,Buchenwald,WORK,Rheinmetall-Borsig AG,Munitions factory,,,,
Sonneberg-West,Germany,Sonneberg,Buchenwald,WORK,GE Reinhardt,"Manufacture of aircraft parts, sprockets for Tiger tanks, and gears for V-weapons",,,,
Sta·furt (Neusta·furt),Germany,Sta·furt,Buchenwald,WORK,OT-Bauleitung,Construction,,,,
Suhl,Germany,Suhl,Buchenwald,WORK,Gustloff-Werke,Construction,,,,
Tannroda,Germany,Bad Berka,Buchenwald,WORK,Mitteldeutsche Papierwerke,Paper mill,,,,
Taucha,Germany,Taucha,Buchenwald,WORK,Hugo Schneider AG,Production of ammunition andˇrocket-propelled grenades,,,,
Tonndorf,Germany,Tonndorf,Buchenwald,WORK,,"Construction,ˇquarryˇwork, plumbing",,,,
Torgau,Germany,Torgau,Buchenwald,WORK,Heeres-Munitionsanstalt,Explosives production,,,,
"Trîglitz, Gemeinde Rehmsdorf",Germany,Elsteraue,Buchenwald,WORK,Brabag,"Bomb demolition, clearing debris, road and railway construction",,,,
Unna,Germany,Unna,Buchenwald,WORK,,Work for the 5th SS Corps' news department,,,,
Usingen,Germany,Usingen,Buchenwald,WORK,,Construction of a tunnel and bunker system,,,,
Weferlingen,Germany,Weferlingen,Buchenwald,WORK,Bauleitung Gerhard,Production of engines for aircraft andˇU-boats,,,,
Weimar,Germany,Weimar,Buchenwald,WORK,Gustloff-Werke,"Production of infantry vehicles, gun barrels, rifle parts, andˇmortars",,,,
Wernigerode,Germany,Wernigerode,Buchenwald,WORK,Rautal-Werke GmbH,Cast ironˇproduction,,,,
Westeregeln,Germany,Westeregeln,Buchenwald,WORK,Junkers,Construction of an underground plant for Junkers aircraft and engines,,,,
Witten-Annen,Germany,Witten-Annen,Buchenwald,WORK,Ruhrstahl AG,"Steel for aircraft production, tank parts, and metal processing",,,,
Wolfen,Germany,Wolfen,Buchenwald,WORK,IG-Farben,Pulp and cotton production,,,,
Harmense (GeflÅgelfarm),Poland,Harm??e,Auschwitz,WORK,,Livestock Farms,Dec 1941 - Jan 1945,,,About 150 prisoners
Budy (Wirtschaftshof),Poland,Brzeszcze,Auschwitz,WORK,,Livestock Farms,Apr 1942 - Jan 1945,,,700-800 prisoners
Babitz (Wirtschaftshof),Poland,BabiceˇnearˇO?wi?cim,Auschwitz,WORK,,Livestock Farms,Mar 1943 - Jan 1945,,,About 340 prisoners
Birkenau (Wirtschaftshof),Poland,BrzezinkaˇnearˇO?wi?cim,Auschwitz,WORK,,Livestock Farms,1943 - Jan 1945,,,More than 200 prisoners
Raisko (GÑrtnerei),Poland,Rajsko,Auschwitz,WORK,,Livestock Farms and SS research,Jun 1944 - Jan 1945,,,About 300 female prisoners
Plawy (Wirtschaftshof),Poland,P?awy,Auschwitz,WORK,,Livestock Farms,Dec 1944 - Jan 1945,,,About 200 prisoners
Golleschau,Poland,Golesz¢w,Auschwitz,WORK,Ostdeutsche BaustoffwerkeˇGmbH,,Jul 1942 - Jan 1945,,,"About 1,000 prisoners"
Jawischowitz,Poland,Jawiszowice,Auschwitz,WORK,Reichswerke Hermann Gîring,,Aug 1942 - Jan 1945,,,"More than 2,500 prisoners"
Chelmek (Aussenkommando),Poland,Che?mek,Auschwitz,WORK,"Ota Schlesische Schuhwerkeˇ(""Bata Shoes"")",,Oct 1942 - Dec 1942,,,About 150 prisoners
Monowitz Buna-Werke[6],Poland,Monowice nearˇO?wi?cim,Auschwitz,WORK,?,,Oct 1942 - Jan 1945,,,"10,223 prisoners in threeˇIG Farbenˇlocations as of 17 January 1945.[3]"
EintrachthÅtte,Poland,EintrachthÅtte concentration campˇinˇ?wi?toch?owice,Auschwitz,WORK,BerghÅtte,,May 1943 - Jan 1945,,,"1,374 prisoners"
Neu-Dachs,Poland,Jaworzno,Auschwitz,WORK,Energieversorgung Oberschlesien Aktiengesellschaftˇ(EVO),,Jun 1943 - Jan 1945,,,"More than 3,500 prisoners"
FÅrstengrube,Poland,Weso?aˇnearˇMys?owice,Auschwitz,WORK,IG Farben,,Sep 1943 - Jan 1945,,,"700-1,200 prisoners"
Janinagrube (Gute Hoffnung),Poland,Libi??[7],Auschwitz,WORK,IG Farben,,Sep 1943 - Jan 1945,,,877 prisoners
Lagischa,Poland,"?agisza, nowˇB?dzin",Auschwitz,WORK,Energie-Versorgung OberschlesienˇAG,,Sep 1943 - Sep 1944,,,"About 1,000 prisoners"
GÅnthergrube,Poland,L?dziny,Auschwitz,WORK,IG Farben,,Feb 1944 - Jan 1945,,,300-600 prisoners
Gleiwitz I,Poland,Gliwice,Auschwitz,WORK,Reichsbahnausbesserungswerk,,Mar 1944 - Jan 1945,,,"About 1,300 prisoners"
LaurahÅtte,Poland,Siemianowice ?l?skie,Auschwitz,WORK,RhinemetallˇBorsig AG,,Mar/Apr 1944 - Jan 1945,,,"1,000 prisoners"
Blechhammer,Poland,Blechhammer concentration campˇnearˇS?awi?cice,Auschwitz,WORK,O/SˇHydrierwerkeˇAG,,Apr 1944 - Jan 1945,,,609 prisoners
Bobrek,Poland,Bobrek concentration campˇnearˇO?wi?cim,Auschwitz,WORK,Siemens-Schuckert,,May 1944 - Jan 1945,,,About 50-213 prisoners and about 50 female prisoners
Gleiwitz II,Poland,Gliwice,Auschwitz,WORK,Deutsche Gasrusswerke,,May 1944 - Jan 1945,,,"More than 1,000 prisoners"
Sosnowitz II,Poland,Sosnowiec[8],Auschwitz,WORK,Ost MaschinenbauˇGmbH (BerghÅte),,May 1944 - Jan 1945,,,About 900 prisoners
Gleiwitz III,Poland,Gliwice,Auschwitz,WORK,Zieleniewski - Maschinen und WaggonbauˇGmbH -ˇKrakau,,Jul 1944 - Jan 1945,,,450-600 prisoners
Hindenburg,Poland,Zabrze,Auschwitz,WORK,Vereinigte Oberschlesische HÅttenwerkeˇAG (OberhÅtten),,Aug 1944 - Jan 1945,,,About 400-500 female prisoners and about 70 prisoners
Trzebinia,Poland,Trzebionka nearˇTrzebinia,Auschwitz,WORK,Erdîlraffinerie Trzebinia GmbH,,Aug 1944 - Jan 1945,,,600-800 prisoners
Tschechowitz I Bombensucherkommando[9],Poland,Czechowice-Dziedzice,Auschwitz,WORK,Reichsbahn,,Aug 1944 - Sep 1944,,,About 100 prisoners
Althammer,Poland,"Stara Ku?niaˇnear Halemby, nowˇRuda ?l?ska",Auschwitz,WORK,,,Sep 1944 - Jan 1945,,,About 500 prisoners
BismarckhÅtte,Poland,Chorz¢w,Auschwitz,WORK,BerghÅtte (for its Bismarck steel mill atˇChorz¢w Batory),,Sep 1944 - Jan 1945,,,About 200 prisoners
Charlottengrube,Poland,Rydu?towy,Auschwitz,WORK,Reichswerke Hermann Gîring,,Sep 1944 - Jan 1945,,,"About 1,000 prisoners"
Neustadt,Poland,Prudnik,Auschwitz,WORK,Schlesische FeinwebereiˇAG,,Sep 1944 - Jan 1945,,,About 400 female prisoners
Tschechowitz II Vacuum,Poland,Czechowice-Dziedzice,Auschwitz,WORK,,,Sep 1944 - Jan 1945,,,About 600 prisoners
HubertshÅtte,Poland,"?agiewniki, nowˇBytom",Auschwitz,WORK,BerghÅtte-Kînigs und BirmarckhÅtte AG,,Dec 1944 - Jan 1945,,,200 prisoners
Freudenthal,Poland,Bruntal,Auschwitz,WORK,Emmerich Machold,,1944 - Jan 1945,,,About 300 female prisoners
Lichtewerden,Poland,Sv?tl†ˇ(nowˇCzech Republic),Auschwitz,WORK,G.A. Buhl und Sohn,,Nov 1944 - Jan 1945,,,About 300 female prisoners
Sosnitz,Poland,So?nicaˇnearˇGliwice,Auschwitz,WORK,For purposes of KL,,Jul 1940 - Aug 1940,,,About 30 prisoners
Porombka (SS-HÅtte),Poland,Mi?dzybrodzie Bialskie,Auschwitz,WORK,For purposes ofˇSS,,Oct/Nov 1940 - Jan 1945,,,About 50 prisoners and about 10 female prisoners
Altdorf,Poland,Stara Wie?ˇnearˇPszczyna,Auschwitz,WORK,Oberforstamt Plessˇ(Pszczynaˇforestry authority),,Oct 1942 - 1943,,,About 20 prisoners
Radostowitz,Poland,RadostowiceˇnearˇPszczyna,Auschwitz,WORK,Oberforstamt Pless,,1942 - 1943,,,About 20 prisoners
Kobier (Aussenkommando),Poland,Kobi¢r,Auschwitz,WORK,Oberforstamt Pless,,1942 - Sep 1943,,,About 150 prisoners
BrÅnn,Poland,Brno,Auschwitz,WORK,,For purposes of SS,Oct 1943 - Apr 1945,,,250-150 prisoners
Sosnowitz (I),Poland,Sosnowiec,Auschwitz,WORK,,,Aug 1943 - Feb 1944,,,About 100 prisoners
Gleiwitz IV,Poland,Gliwice,Auschwitz,WORK,,For purposes ofˇSS,Jun 1944 - Jan 1945,,,About 500 prisoners
Kattowitz (Sonderkommando),Poland,Katowice,Auschwitz,WORK,Gestapo,,Jan 1944 - Jan 1945,,,10 prisoners
Bauzug (2 SS),Poland,"Karlsruhe, afterˇStuttgart",Auschwitz,WORK,SS-WVHA,,Sep 1944 - Oct 1944,,,About 500 prisoners living in a train
Allach (Org. Todt),Germany,,Dachau,,,,,,,
Allach/Karsfeld/Moosach (org. Todt),Germany,,Dachau,,,,,,,
Allach-Rothwaige (Org. Todt),Germany,,Dachau,,,,,,,
Allersdorf-Liebhof,Germany,,Dachau,,,,,,,
Ampersmoching,Germany,,Dachau,,,,,,,
Asbach-Baumenheim (Messerschmitt),Germany,,Dachau,,,,,,,
Aibing (NEU),Germany,,Dachau,,,,,,,
Aufkrich-Kaufbeuren (Dornier),Germany,,Dachau,,,,,,,
Augustenfeld-Pollnhof,Germany,,Dachau,,,,,,,
Augsburg (Messerschmitt),Germany,,Dachau,,,,,,,
Augsburg-Haunstetten,Germany,,Dachau,,,,,WOMEN,,
Augsburg-Pfersee (Messerschmitt),Germany,,Dachau,,,,,,,
Bad Ischl,Germany,,Dachau,,,,,,,
Bad Ischl Saint Wolfgang,Germany,,Dachau,,,,,,,
Bad Tolz,Germany,,Dachau,,,,,,,
Baubrigade XIII,Germany,,Dachau,,,,,,,
Bayernsoien,Germany,,Dachau,,,,,,,
Bayrishezell,Germany,,Dachau,,,,,,,
Bichl,Germany,,Dachau,,,,,,,
Birgsau-Oberstdorf,Germany,,Dachau,,,,,,,
Blainach (BMW),Germany,,Dachau,,,,,,,
Brunigsau,Germany,,Dachau,,,,,,,
Burgau (Messerchmitt),Germany,,Dachau,,,,,,,
Burghausen,Germany,,Dachau,,,,,,,
Burgkirchen,Germany,,Dachau,,,,,,,
Donauworth,Germany,,Dachau,,,,,,,
Durach-Kottern (Messerschmitt),Germany,,Dachau,,,,,,,
Eching (Org. Todt),Germany,,Dachau,,,,,,,
Ellwagen,Germany,,Dachau,,,,,,,
Emmerting-Gendorf,Germany,,Dachau,,,,,,,
Eschelbach,Germany,,Dachau,,,,,,,
Feistenau,Germany,,Dachau,,,,,,,
Feldafing,Germany,,Dachau,,,,,,,
Fischbachau,Germany,,Dachau,,,,,,,
Fischen (Messerschmitt),Germany,,Dachau,,,,,,,
Fischhorn/Bruck,Germany,,Dachau,,,,,,,
Freising,Germany,,Dachau,,,,,,,
* Friedolfing,Germany,,Dachau,,,,,WOMEN,,
Friedrischaffen,Germany,,Dachau,,,,,,,
Fulpmes,Germany,,Dachau,,,,,,,
* Fussen-Plansee,Germany,,Dachau,,,,,WOMEN,,
Gablingen (Messerschmitt),Germany,,Dachau,,,,,,,
Garmisch-Partenkirchen,Germany,,Dachau,,,,,,,
Germering-Neuaubing,Germany,,Dachau,,,,,,,
Gmund,Germany,,Dachau,,,,,,,
Grimolsried-Mitteneuf-Nach (Org. Todt),Germany,,Dachau,,,,,,,
Halfing,Germany,,Dachau,,,,,,,
Hallein,Germany,,Dachau,,,,,,,
Hausham-Vordereckard,Germany,,Dachau,,,,,WOMEN,,
Heidenhaim,Germany,,Dachau,,,,,,,
Heppenhaim,Germany,,Dachau,,,,,,,
Horgau-Pfersee (Messerschmitt),Germany,,Dachau,,,,,,,
Ingoldstadt,Germany,,Dachau,,,,,,,
Innsbruck,Germany,,Dachau,,,,,,,
Itter,Germany,,Dachau,,,,,WOMEN,,
Karlsfeld (Org. Todt),Germany,,Dachau,,,,,,,
Kaufbeuren (BMW),Germany,,Dachau,,,,,,,
Kaufering (Org Todt/Messerschmitt/Dornier),Germany,,Dachau,,,,,,,
Kaufering Erpfting,Germany,,Dachau,,,,,,,
Hurlach,Germany,,Dachau,,,,,,,
Landsberg,Germany,,Dachau,,,,,,,
Lechfeld,Germany,,Dachau,,,,,,,
Mittel-Neufnach,Germany,,Dachau,,,,,,,
Riederloh,Germany,,Dachau,,,,,,,
Schwabbeg,Germany,,Dachau,,,,,,,
Schwabmunchen,Germany,,Dachau,,,,,,,
Turkenfald,Germany,,Dachau,,,,,,,
Turkheim,Germany,,Dachau,,,,,,,
Utting,Germany,,Dachau,,,,,,,
Kempten-Kotern,Germany,,Dachau,,,,,,,
Konigsee,Germany,,Dachau,,,,,,,
Krucklhalm,Germany,,Dachau,,,,,,,
Landshut-Bayern (Org. Todt),Germany,,Dachau,,,,,,,
Lauingen (Messerschmitt),Germany,,Dachau,,,,,,,
Liebhof,Germany,,Dachau,,,,,,,
Lind,Germany,,Dachau,,,,,,,
Lochau,Germany,,Dachau,,,,,,,
Lochhausen (BMW),Germany,,Dachau,,,,,,,
Lohof,Germany,,Dachau,,,,,,,
Markt Schwabben,Germany,,Dachau,,,,,,,
Moosach (Org. Todt/BMW/Messerschmitt),Germany,,Dachau,,,,,,,
Moschendorf-Hof,Germany,,Dachau,,,,,,,
Muldorf (Org. Todt),Germany,,Dachau,,,,,,,
Muldorf Ampfing-Waldlager V et VI,Germany,,Dachau,,,,,,,
Mettenheim,Germany,,Dachau,,,,,,,
Obertaufkirchen,Germany,,Dachau,,,,,,,
Munchen,Germany,,Dachau,,,,,,,
Munchen Friedman,Germany,,Dachau,,,,,,,
Munchen Riem (Org. Todt),Germany,,Dachau,,,,,,,
Munchen Schwabing,Germany,,Dachau,,,,,,,
Munchen Sendling,Germany,,Dachau,,,,,,,
Neuburg Donau,Germany,,Dachau,,,,,,,
Neufahrn,Germany,,Dachau,,,,,,,
Neustift,Germany,,Dachau,,,,,,,
Nuremberg,Germany,,Dachau,,,,,,,
Oberdorf,Germany,,Dachau,,,,,,,
Oberfohring,Germany,,Dachau,,,,,,,
Ottobrunn,Germany,,Dachau,,,,,,,
Oetztal,Germany,,Dachau,,,,,,,
Passau,Germany,,Dachau,,,,,,,
Puchheim,Germany,,Dachau,,,,,,,
Radolfzell,Germany,,Dachau,,,,,,,
Rohrdorf-Thansau,Germany,,Dachau,,,,,,,
Rosenheim,Germany,,Dachau,,,,,,,
Rothschwaige-Augustenfeld (Org. Todt),Germany,,Dachau,,,,,,,
St. Gilden/Wolgansee,Germany,,Dachau,,,,,,,
St. Lambrecht,Germany,,Dachau,,,,,,,
Salzburg,Germany,,Dachau,,,,,,,
Salzweg,Germany,,Dachau,,,,,,,
Sandhoffen,Germany,,Dachau,,,,,,,
Saulgau,Germany,,Dachau,,,,,,,
Schlachters-Sigmarszell,Germany,,Dachau,,,,,,,
Schleissheim,Germany,,Dachau,,,,,,,
Seehausen-Uffing,Germany,,Dachau,,,,,,,
Spitzingsee,Germany,,Dachau,,,,,,,
Steinhoring,Germany,,Dachau,,,,,,,
Stephanskirchen (BMW),Germany,,Dachau,,,,,,,
Strobl,Germany,,Dachau,,,,,,,
Sudelfeld,Germany,,Dachau,,,,,,,
Traustein,Germany,,Dachau,,,,,,,
Trotsberg (BMW),Germany,,Dachau,,,,,,,
Trutskirch-Tutzing (Dornier),Germany,,Dachau,,,,,,,
Uerberlingen,Germany,,Dachau,,,,,,,
Ulm,Germany,,Dachau,,,,,,,
Unterschleissheim,Germany,,Dachau,,,,,WOMEN,,
Valepp,Germany,,Dachau,,,,,,,
Vulpmes,Germany,,Dachau,,,,,,,
Weidach,Germany,,Dachau,,,,,,,
Weilheim,Germany,,Dachau,,,,,,,
Weissensee,Germany,,Dachau,,,,,,,
Wicking,Germany,,Dachau,,,,,,,
Wolfratshausen,Germany,,Dachau,,,,,,,
Wolfratshausen Gelting,Germany,,Dachau,,,,,,,
Wurach-Wolhof,Germany,,Dachau,,,,,,,
Zangberg,Germany,,Dachau,,,,,,,
Frieoythe/Kloppenburg,Germany,,Esterwegen,,,,,,,
Altenhammer,Germany,,Flossenburg,,,,,,,
Annaberg,Germany,,Flossenburg,,,,,,,
Ansbach,Germany,,Flossenburg,,,,,,,
Aue (Sachsen),Germany,,Flossenburg,,,,,,,
Bayreuth,Germany,,Flossenburg,,,,,,,
Beneschau,Germany,,Flossenburg,,,,,,,
Bozicany,Germany,,Flossenburg,,,,,,,
BrÅx,Germany,,Flossenburg,,,,,,,
Chemnitz,Germany,,Flossenburg,,,,,,,
Dresden,Germany,,Flossenburg,,,,,,,
Eisenberg,Germany,,Flossenburg,,,,,,,
Erbendorf,Germany,,Flossenburg,,,,,,,
Falkenau,Germany,,Flossenburg,,,,,,,
Flîha,Germany,,Flossenburg,,,,,,,
Forrenbach,Germany,,Flossenburg,,,,,,,
Freiberg,Germany,,Flossenburg,,,,,,,
Ganacker,Germany,,Flossenburg,,,,,,,
Giebelstadt,Germany,,Flossenburg,,,,,,,
Grafenreuth,Germany,,Flossenburg,,,,,,,
Graslitz,Germany,,Flossenburg,,,,,,,
Grîditz,Germany,,Flossenburg,,,,,,,
Gundelsdorf,Germany,,Flossenburg,,,,,,,
Hainichen,Germany,,Flossenburg,,,,,,,
Happurg,Germany,,Flossenburg,,,,,,,
Heidenau,Germany,,Flossenburg,,,,,,,
Helmbrechts,Germany,,Flossenburg,,,,,WOMEN,,
Hersbruck,Germany,,Flossenburg,,,,,,,
Hertine,Germany,,Flossenburg,,,,,,,
Hof,Germany,,Flossenburg,,,,,,,
Hohenstein-Ernstthal,Germany,,Flossenburg,,,,,,,
Holleischen,Germany,,Flossenburg,,,,,,,
Holyson,Germany,,Flossenburg,,,,,,,
Hradischko,Germany,,Flossenburg,,,,,,,
Hubmersberg-Hohenstadt,Germany,,Flossenburg,,,,,,,
Janowitz,Germany,,Flossenburg,,,,,,,
Jezeri,Germany,,Flossenburg,,,,,,,
Johanngeorgenstadt,Germany,,Flossenburg,,,,,,,
Jungfern-Breschan,Germany,,Flossenburg,,,,,,,
Kaaden-Kadan,Germany,,Flossenburg,,,,,,,
Kamenicky-Senow,Germany,,Flossenburg,,,,,,,
Kirchham,Germany,,Flossenburg,,,,,,,
Knellendorf,Germany,,Flossenburg,,,,,,,
Koningstein,Germany,,Flossenburg,,,,,,,
Krondorf,Germany,,Flossenburg,,,,,,,
Leitmeritz,Germany,,Flossenburg,,,,,,,
Lengenfeld,Germany,,Flossenburg,,,,,,,
Lobositz,Germany,,Flossenburg,,,,,,,
Mehltheuer,Germany,,Flossenburg,,,,,,,
Meissen,Germany,,Flossenburg,,,,,,,
Mittweida,Germany,,Flossenburg,,,,,,,
Moickethal-Zatschke,Germany,,Flossenburg,,,,,,,
Moschendorf,Germany,,Flossenburg,,,,,,,
MÅlsen- St. Michel,Germany,,Flossenburg,,,,,,,
Munchberg,Germany,,Flossenburg,,,,,,,
Neu Rohlau,Germany,,Flossenburg,,,,,,,
Nossen,Germany,,Flossenburg,,,,,,,
Nuremberg,Germany,,Flossenburg,,,,,,,
Obertraubling,Germany,,Flossenburg,,,,,,,
Oederan,Germany,,Flossenburg,,,,,,,
Olbramowitz,Germany,,Flossenburg,,,,,,,
Pilsen,Germany,,Flossenburg,,,,,,,
Plattling,Germany,,Flossenburg,,,,,,,
Plauen,Germany,,Flossenburg,,,,,,,
Pocking,Germany,,Flossenburg,,,,,,,
Porschdorf,Germany,,Flossenburg,,,,,,,
Poschetzau,Germany,,Flossenburg,,,,,,,
Pottenstein,Germany,,Flossenburg,,,,,,,
Praha,Germany,,Flossenburg,,,,,,,
Rathen,Germany,,Flossenburg,,,,,,,
Rathmanndorf,Germany,,Flossenburg,,,,,,,
Rabstein,Germany,,Flossenburg,,,,,,,
Regensburg,Germany,,Flossenburg,,,,,,,
Reuth,Germany,,Flossenburg,,,,,,,
Rochlitz,Germany,,Flossenburg,,,,,,,
Saal/Donau,Germany,,Flossenburg,,,,,,,
Schlackenwerth,Germany,,Flossenburg,,,,,,,
Schînheide,Germany,,Flossenburg,,,,,,,
Seifhennersdorf,Germany,,Flossenburg,,,,,,,
Siegmar-Schînau,Germany,,Flossenburg,,,,,,,
Stein-Schînau,Germany,,Flossenburg,,,,,,,
St. Georgenthal,Germany,,Flossenburg,,,,,,,
St. Oetzen,Germany,,Flossenburg,,,,,,,
Stulln,Germany,,Flossenburg,,,,,,,
Theresienstadt,Germany,,Flossenburg,,,,,,,
Venusberg,Germany,,Flossenburg,,,,,,,
Wilischthal,Germany,,Flossenburg,,,,,,,
Witten-Annen,Germany,,Flossenburg,,,,,,,
Wolkenburg,Germany,,Flossenburg,,,,,,,
WÅrzburg,Germany,,Flossenburg,,,,,,,
Zatschke,Germany,,Flossenburg,,,,,,,
Zschachwitz,Germany,,Flossenburg,,,,,,,
Zschopau,Germany,,Flossenburg,,,,,,,
Zwickau,Germany,,Flossenburg,,,,,,,
Zwodau,Germany,,Flossenburg,,,,,,,
Ahlem-Hannover,Germany,,Neuengamme,,,,,,,
Altgarga,Germany,,Neuengamme,,,,,,,
Altegarde-Elbe,Germany,,Neuengamme,,,,,,,
Aumund,Germany,,Neuengamme,,,,,,,
Aurich-Engerhafe,Germany,,Neuengamme,,,,,,,
Bad Sassendorf,Germany,,Neuengamme,,,,,,,
Barkhausen,Germany,,Neuengamme,,,,,,,
Barskamp,Germany,,Neuengamme,,,,,,,
"Baubrigade I, II, V et XI",Germany,,Neuengamme,,,,,,,
Beendorf-Helmstedt,Germany,,Neuengamme,,,,,,,
Bergstedt,Germany,,Neuengamme,,,,,,,
Blummenthal,Germany,,Neuengamme,,,,,,,
Boizenburg,Germany,,Neuengamme,,,,,,,
Braunschweig (plusieurs kommandos),Germany,,Neuengamme,,,,,,,
Bremme-Farbe,Germany,,Neuengamme,,,,,,,
Bremme- Osterort-Reisport,Germany,,Neuengamme,,,,,,,
Bremme-Schutzenhof,Germany,,Neuengamme,,,,,,,
Bremme- Vegesack-aumund,Germany,,Neuengamme,,,,,,,
Bremme-weser,Germany,,Neuengamme,,,,,,,
Brink-hannover,Germany,,Neuengamme,,,,,,,
Brunswick-Busing,Germany,,Neuengamme,,,,,,,
Dalum,Germany,,Neuengamme,,,,,,,
Dreutte,Germany,,Neuengamme,,,,,,,
Engerhafe,Germany,,Neuengamme,,,,,,,
Fallersleben-Laagberg,Germany,,Neuengamme,,,,,,,
Farge,Germany,,Neuengamme,,,,,,,
Fidelstedt,Germany,,Neuengamme,,,,,,,
Finkenwerder,Germany,,Neuengamme,,,,,,,
Fludwigslust,Germany,,Neuengamme,,,,,,,
Fulsbuttel,Germany,,Neuengamme,,,,,,,
Geilenberg,Germany,,Neuengamme,,,,,,,
Glassau-bei-Sarau,Germany,,Neuengamme,,,,,,,
Goslar,Germany,,Neuengamme,,,,,,,
Gross-Fullen,Germany,,Neuengamme,,,,,,,
Gross- Hesepe,Germany,,Neuengamme,,,,,,,
Hamburg (plusieurs kommandos),Germany,,Neuengamme,,,,,,,
Hausberge-Porta,Germany,,Neuengamme,,,,,,,
Helmstadt,Germany,,Neuengamme,,,,,,,
Hidelsheim,Germany,,Neuengamme,,,,,,,
Horneburg,Germany,,Neuengamme,,,,,,,
Howachts-LÅtjenburg,Germany,,Neuengamme,,,,,,,
Kaltenkirch-Heinkaten,Germany,,Neuengamme,,,,,,,
Kiel,Germany,,Neuengamme,,,,,,,
Ladelund,Germany,,Neuengamme,,,,,,,
Langenhagen-Hannover,Germany,,Neuengamme,,,,,,,
Langenhorn-Hamburg,Germany,,Neuengamme,,,,,,,
Laasberg,Germany,,Neuengamme,,,,,,,
Ladelung,Germany,,Neuengamme,,,,,,,
Lengerich,Germany,,Neuengamme,,,,,,,
Lerbeck,Germany,,Neuengamme,,,,,,,
Limmer-Hannover,Germany,,Neuengamme,,,,,,,
Linden (MÅlhenberg-Hannover),Germany,,Neuengamme,,,,,,,
LÅbberstadt,Germany,,Neuengamme,,,,,,,
Lujtenberg,Germany,,Neuengamme,,,,,,,
Meppen,Germany,,Neuengamme,,,,,,,
Minden,Germany,,Neuengamme,,,,,,,
Misburg-Hannover,Germany,,Neuengamme,,,,,,,
Mîlln,Germany,,Neuengamme,,,,,,,
Neesen,Germany,,Neuengamme,,,,,,,
Neugraben,Germany,,Neuengamme,,,,,,,
Neuhof,Germany,,Neuengamme,,,,,,,
Neuland-Bremen,Germany,,Neuengamme,,,,,,,
Neunkirchen,Germany,,Neuengamme,,,,,,,
Neustadt,Germany,,Neuengamme,,,,,,,
Nutzen,Germany,,Neuengamme,,,,,,,
Ohldorf,Germany,,Neuengamme,,,,,,,
Osnabruck,Germany,,Neuengamme,,,,,,,
Osterort (Bremen-Riespot),Germany,,Neuengamme,,,,,,,
PoppenbÅttel-Sasen,Germany,,Neuengamme,,,,,,,
Porta-Westfalica - note: 2 kommandos,Germany,,Neuengamme,,,,,,,
Salzwedel,Germany,,Neuengamme,,,,,,,
Sandbostel,Germany,,Neuengamme,,,,,,,
Sasel,Germany,,Neuengamme,,,,,,,
Salzgitter,Germany,,Neuengamme,,,,,,,
Schandelah,Germany,,Neuengamme,,,,,,,
SchÅtzenhof-Bremen,Germany,,Neuengamme,,,,,,,
Schwessing-Husum,Germany,,Neuengamme,,,,,,,
Sollstadt,Germany,,Neuengamme,,,,,,,
Spaldingstrasse,Germany,,Neuengamme,,,,,,,
Steinwerder,Germany,,Neuengamme,,,,,,,
Stîcken-Hannover,Germany,,Neuengamme,,,,,,,
Stuklenwert,Germany,,Neuengamme,,,,,,,
Tiefstak,Germany,,Neuengamme,,,,,,,
Uelzen,Germany,,Neuengamme,,,,,,,
Veleen,Germany,,Neuengamme,,,,,,,
Veerssen - (note: 2 sub-camps were located in Veerssen).,Germany,,Neuengamme,,,,,,,
Vegesack-Aumun - Bremen,Germany,,Neuengamme,,,,,,,
Verden-Aller,Germany,,Neuengamme,,,,,,,
Wandsbeck,Germany,,Neuengamme,,,,,,,
Watenstedt-DrÅtte-Salzgitter,Germany,,Neuengamme,,,,,,,
Wedel,Germany,,Neuengamme,,,,,,,
Wilhemsburg-Hamburg,Germany,,Neuengamme,,,,,,,
Wilhemshaven,Germany,,Neuengamme,,,,,,,
Wittenberge,Germany,,Neuengamme,,,,,,,
Wolfsburg,Germany,,Neuengamme,,,,,,,
Wîbbelin-Ludwigslust,Germany,,Neuengamme,,,,,,,
Abteroda,Germany,,Ravensbruck,,,,,,,
Ansbach,Germany,,Ravensbruck,,,,,,,
Barth/Ostee (Heinkel),Germany,,Ravensbruck,,,,,,,
Belzig,Germany,,Ravensbruck,,,,,,,
Berlin-Oberschîneweide,Germany,,Ravensbruck,,,,,,,
Berlin-Schînefeld (Heikel),Germany,,Ravensbruck,,,,,,,
Borkheid,Germany,,Ravensbruck,,,,,,,
Bruckentin,Germany,,Ravensbruck,,,,,,,
Comthurey,Germany,,Ravensbruck,,,,,,,
Dabelow,Germany,,Ravensbruck,,,,,,,
Eberswalde,Germany,,Ravensbruck,,,,,,,
Feldberg,Germany,,Ravensbruck,,,,,,,
FÅrstenberg (Siemens),Germany,,Ravensbruck,,,,,,,
Hennigsdorf,Germany,,Ravensbruck,,,,,,,
HerzebrÅck,Germany,,Ravensbruck,,,,,,,
Hohenlychen,Germany,,Ravensbruck,,,,,,,
Karlshagen,Germany,,Ravensbruck,,,,,,,
Klutzow-Stargard,Germany,,Ravensbruck,,,,,,,
Kîningsberg-Neumark,Germany,,Ravensbruck,,,,,,,
Malchow,Germany,,Ravensbruck,,,,,,,
Neubrandenburg (Siemens),Germany,,Ravensbruck,,,,,,,
Neustadt/Glene,Germany,,Ravensbruck,,,,,,,
PeenemÅnde,Germany,,Ravensbruck,,,,,,,
Prenzlau,Germany,,Ravensbruck,,,,,,,
Rechlin,Germany,,Ravensbruck,,,,,,,
Retzow,Germany,,Ravensbruck,,,,,,,
Rostock-Marienhe (Heinkel),Germany,,Ravensbruck,,,,,,,
Stargard,Germany,,Ravensbruck,,,,,,,
Steinhoring,Germany,,Ravensbruck,,,,,,,
Schwarzenforst,Germany,,Ravensbruck,,,,,,,
Uckermark,Germany,,Ravensbruck,,,,,,,
Velten,Germany,,Ravensbruck,,,,,,,
Bad Saarow,Germany,,Sachsenhausen,,,,,,,
Baubrigade,Germany,,Sachsenhausen,,,,,,,
Beerfelde,Germany,,Sachsenhausen,,,,,,,
Berga,Germany,,Sachsenhausen,,,,,,,
Berlin,Germany,,Sachsenhausen,,,,,,,
Babelsberg,Germany,,Sachsenhausen,,,,,,,
Falkensee,Germany,,Sachsenhausen,,,,,,,
Helensee (Demag),Germany,,Sachsenhausen,,,,,,,
Hennigsdorf (AEG),Germany,,Sachsenhausen,,,,,,,
Koepenig,Germany,,Sachsenhausen,,,,,,,
Lichterfelde,Germany,,Sachsenhausen,,,,,,,
Lichtenrade,Germany,,Sachsenhausen,,,,,,,
Reinickendorf (Argus),Germany,,Sachsenhausen,,,,,,,
Siemens Stadt,Germany,,Sachsenhausen,,,,,,,
Tegel,Germany,,Sachsenhausen,,,,,,,
Wilmersdorf,Germany,,Sachsenhausen,,,,,,,
Biesenthal,Germany,,Sachsenhausen,,,,,,,
Bornicke,Germany,,Sachsenhausen,,,,,,,
Brandenburg/havel,Germany,,Sachsenhausen,,,,,,,
Dammsmuhle-Schonwalde,Germany,,Sachsenhausen,,,,,,,
Debno-Neudamm,Germany,,Sachsenhausen,,,,,,,
Doberitz,Germany,,Sachsenhausen,,,,,,,
Drogen-Niedorf,Germany,,Sachsenhausen,,,,,,,
Falkenhagen-Furstenwalde,Germany,,Sachsenhausen,,,,,,,
Falkensee,Germany,,Sachsenhausen,,,,,,,
Frieoythe/Kloppenburg,Germany,,Sachsenhausen,,,,,,,
Heinkel,Germany,,Sachsenhausen,,,,,,,
Genshagen,Germany,,Sachsenhausen,,,,,,,
Glau-Trebbin,Germany,,Sachsenhausen,,,,,,,
Gross-Rosen,Germany,,Sachsenhausen,,,,,,,
Hohenlychen,Germany,,Sachsenhausen,,,,,,,
Karlsruhe,Germany,,Sachsenhausen,,,,,,,
Klinker,Germany,,Sachsenhausen,,,,,,,
Kl. machnow,Germany,,Sachsenhausen,,,,,,,
Kolpin,Germany,,Sachsenhausen,,,,,,,
Konigswusterhause (Krupp),Germany,,Sachsenhausen,,,,,,,
KÅstrin,Germany,,Sachsenhausen,,,,,,,
Lieberose,Germany,,Sachsenhausen,,,,,,,
Lubben,Germany,,Sachsenhausen,,,,,,,
Muggelheim,Germany,,Sachsenhausen,,,,,,,
Neubrandenburg (Hamburg),Germany,,Sachsenhausen,,,,,,,
Neustrelitz,Germany,,Sachsenhausen,,,,,,,
Niederhagen,Germany,,Sachsenhausen,,,,,,,
Oranienburg,Germany,,Sachsenhausen,,,,,,,
Politz,Germany,,Sachsenhausen,,,,,,,
Prettin,Germany,,Sachsenhausen,,,,,,,
Rathenow,Germany,,Sachsenhausen,,,,,,,
Ravensbruck (until 1939),Germany,,Sachsenhausen,,,,,,,
Riga,Germany,,Sachsenhausen,,,,,,,
Senftenberg/Schwarzweide,Germany,,Sachsenhausen,,,,,,,
Storkow,Germany,,Sachsenhausen,,,,,,,
Stuttgart,Germany,,Sachsenhausen,,,,,,,
Treuenbrietzen,Germany,,Sachsenhausen,,,,,,,
Werde,Germany,,Sachsenhausen,,,,,,,
Wewelsburg,Germany,,Sachsenhausen,,,,,,,
Wittenberg (Arado),Germany,,Sachsenhausen,,,,,,,
Aflenz,Austria,,Mauthausen,,,,,,,
Redl-Zipf (code name Schlier),Austria,,Mauthausen,,,,,,,
Amstetten (two camps: one for male and one for female inmates),Austria,,Mauthausen,,,,,,,
Bachmanning,Austria,,Mauthausen,,,,,,,
Bretstein,Austria,,Mauthausen,,,,,,,
Dippoldsau,Austria,,Mauthausen,,,,,,,
Ebensee,Austria,,Mauthausen,,,,,,,
Ebelsberg (subcommando of Linz III),Austria,,Mauthausen,,,,,,,
Eisenerz,Austria,,Mauthausen,,,,,,,
Enns,Austria,,Mauthausen,,,,,,,
Florisdorf (=Wien-Florisdorf and Wien-Jedlesee),Austria,,Mauthausen,,,,,,,
Grein,Austria,,Mauthausen,,,,,,,
Grossramming,Austria,,Mauthausen,,,,,,,
Gunskirchen,Austria,,Mauthausen,,,,,,,
"Gusen I, II (St. Georgen), III (Lungitz)",Austria,,Mauthausen,,,,,,,
"(Hartheim) not a sub-camp of Mauthausen, but many inmates of Mauthausen and Dachau had been gassed in Hartheim.",Austria,,Mauthausen,,,,,,,
HinterbrÅhl,Austria,,Mauthausen,,,,,,,
Hirtenberg,Austria,,Mauthausen,,,,,,,
Klagenfurt,Austria,,Mauthausen,,,,,,,
KleinmÅnchen (subcommando of Linz III),Austria,,Mauthausen,,,,,,,
Leibnitz,Austria,,Mauthausen,,,,,,,
Lind,Austria,,Mauthausen,,,,,,,
Lenzing,Austria,,Mauthausen,,,,,,,
"Linz I, II, III",Austria,,Mauthausen,,,,,,,
Loibl- Pass Nord,Austria,,Mauthausen,,,,,,,
Loibl- Pass SÅd (ex-Yugoslavia),Austria,,Mauthausen,,,,,,,
Melk,Austria,,Mauthausen,,,,,,,
Mittersill,Austria,,Mauthausen,,,,,,,
Passau I - Waldwerke,Austria,,Mauthausen,,,,,,,
Passau II,Austria,,Mauthausen,,,,,,,
Peggau,Austria,,Mauthausen,,,,,,,
St. Agyd,Austria,,Mauthausen,,,,,,,
St. Lambrecht,Austria,,Mauthausen,,,,,,,
St. Valentin,Austria,,Mauthausen,,,,,,,
Steyr,Austria,,Mauthausen,,,,,,,
Ternberg,Austria,,Mauthausen,,,,,,,
VîcklabrÅck=Wagrain,Austria,,Mauthausen,,,,,,,
Wels,Austria,,Mauthausen,,,,,,,
Wien Afa- Werke,Austria,,Mauthausen,,,,,,,
Wien Saurer-Werke,Austria,,Mauthausen,,,,,,,
Wien-Schwechat,Austria,,Mauthausen,,,,,,,
Wien Schînbrunn,Austria,,Mauthausen,,,,,,,
Wiener Neudorf,Austria,,Mauthausen,,,,,,,
Wiener Neustadt,Austria,,Mauthausen,,,,,,,
Bohusovice,Czechoslovakia,,Theresienstadt,,,,,,,
Kopisti,Czechoslovakia,,Theresienstadt,,,,,,,
Litomerice-Radobylberg,Czechoslovakia,,Theresienstadt,,,,,,,
Litomerice,Czechoslovakia,,Theresienstadt,,,,,,,
Lovosice (Sputh factory and an oil factory),Czechoslovakia,,Theresienstadt,,,,,,,
Nestemice,Czechoslovakia,,Theresienstadt,,,,,,,
Terezin (Plavy mill),Czechoslovakia,,Theresienstadt,,,,,,,
Usti (Schicht factory),Czechoslovakia,,Theresienstadt,,,,,,,
Zalhostice,Czechoslovakia,,Theresienstadt,,,,,,,
Asbach,France,,Natzweiler-Struthof,,,,,,,
Auerbach-Bensheim,France,,Natzweiler-Struthof,,,,,,,
Baden-Baden,France,,Natzweiler-Struthof,,,,,,,
Bad-Oppenau,France,,Natzweiler-Struthof,,,,,,,
Balingen,France,,Natzweiler-Struthof,,,,,,,
Bisingen,France,,Natzweiler-Struthof,,,,,,,
Dautmergen,France,,Natzweiler-Struthof,,,,,,,
Dortmettingen,France,,Natzweiler-Struthof,,,,,,,
Erzingen,France,,Natzweiler-Struthof,,,,,,,
Frommern,France,,Natzweiler-Struthof,,,,,,,
Schomberg,France,,Natzweiler-Struthof,,,,,,,
Schorzingen,France,,Natzweiler-Struthof,,,,,,,
Wuste,France,,Natzweiler-Struthof,,,,,,,
Zepfenhan,France,,Natzweiler-Struthof,,,,,,,
Bernhausen,France,,Natzweiler-Struthof,,,,,,,
Bingau,France,,Natzweiler-Struthof,,,,,,,
Bischofsheim,France,,Natzweiler-Struthof,,,,,,,
Calw,France,,Natzweiler-Struthof,,,,,WOMEN,,
Cernay,France,,Natzweiler-Struthof,,,,,,,
Cochem,France,,Natzweiler-Struthof,,,,,,,
Cochem Treis,France,,Natzweiler-Struthof,,,,,,,
Colmar,France,,Natzweiler-Struthof,,,,,,,
Darmstadt,France,,Natzweiler-Struthof,,,,,,,
Daudenzell,France,,Natzweiler-Struthof,,,,,,,
Dautmergen,France,,Natzweiler-Struthof,,,,,,,
Donauwiese,France,,Natzweiler-Struthof,,,,,,,
Echterdingen,France,,Natzweiler-Struthof,,,,,,,
Ellwangen,France,,Natzweiler-Struthof,,,,,,,
Ensingen,France,,Natzweiler-Struthof,,,,,,,
Fracfort/Main (Adler ),France,,Natzweiler-Struthof,,,,,,,
Frommern,France,,Natzweiler-Struthof,,,,,,,
Geisenheim (Krupp),France,,Natzweiler-Struthof,,,,,,,
Geislingen,France,,Natzweiler-Struthof,,,,,,,
Goben,France,,Natzweiler-Struthof,,,,,,,
Gross-Sachesenheim,France,,Natzweiler-Struthof,,,,,,,
Guttenbach,France,,Natzweiler-Struthof,,,,,,,
Hailfingen,France,,Natzweiler-Struthof,,,,,,,
Haslach,France,,Natzweiler-Struthof,,,,,,,
Heilbronn,France,,Natzweiler-Struthof,,,,,,,
Heppenheim,France,,Natzweiler-Struthof,,,,,,,
Hessenthal,France,,Natzweiler-Struthof,,,,,,,
Iffezheim,France,,Natzweiler-Struthof,,,,,,,
Iffezheim - Baden Oos-Sandweiller,France,,Natzweiler-Struthof,,,,,,,
Kaisheim,France,,Natzweiler-Struthof,,,,,,,
Kochem,France,,Natzweiler-Struthof,,,,,,,
Kochemdorf,France,,Natzweiler-Struthof,,,,,,,
Leonberg,France,,Natzweiler-Struthof,,,,,,,
Longwy-Thiel,France,,Natzweiler-Struthof,,,,,,,
Mannheim,France,,Natzweiler-Struthof,,,,,,,
Metz,France,,Natzweiler-Struthof,,,,,,,
Mosbach,France,,Natzweiler-Struthof,,,,,,,
Neckarelz I et II,France,,Natzweiler-Struthof,,,,,,,
Neckarelz Bad Rappenau,France,,Natzweiler-Struthof,,,,,,,
Neckargerach,France,,Natzweiler-Struthof,,,,,,,
Neckargartach-Heilbronn,France,,Natzweiler-Struthof,,,,,,,
Neckargerach Unterschwarsach,France,,Natzweiler-Struthof,,,,,,,
Neunkirchen,France,,Natzweiler-Struthof,,,,,,,
Oberehnheim-Obernai,France,,Natzweiler-Struthof,,,,,,,
Obrigheim,France,,Natzweiler-Struthof,,,,,,,
Peltre,France,,Natzweiler-Struthof,,,,,,,
Plattenwald,France,,Natzweiler-Struthof,,,,,,,
Rothau,France,,Natzweiler-Struthof,,,,,,,
Saint-Die,France,,Natzweiler-Struthof,,,,,,,
Sainte Marie aux Mines,France,,Natzweiler-Struthof,,,,,,,
Sanhofen (Daimler-Benz),France,,Natzweiler-Struthof,,,,,,,
Sandweier,France,,Natzweiler-Struthof,,,,,,,
Schirmeck,France,,Natzweiler-Struthof,,,,,,,
Schînberg,France,,Natzweiler-Struthof,,,,,,,
Schîrzingen,France,,Natzweiler-Struthof,,,,,,,
Schwabisch-Hall,France,,Natzweiler-Struthof,,,,,,,
Spaichingen,France,,Natzweiler-Struthof,,,,,,,
Tailfingen,France,,Natzweiler-Struthof,,,,,,,
Urbes Wesserling,France,,Natzweiler-Struthof,,,,,,,
Vaihingen-Enz,France,,Natzweiler-Struthof,,,,,,,
Vainhingen/Unterriechinegn,France,,Natzweiler-Struthof,,,,,,,
Wasserralfingen,France,,Natzweiler-Struthof,,,,,,,
Weckrieden,France,,Natzweiler-Struthof,,,,,,,
Wasserling,France,,Natzweiler-Struthof,,,,,,,
Zuffenhause (Heinkel),France,,Natzweiler-Struthof,,,,,,,
Arnhem,Netherlands,,Vught,,,,,,,
Breda,Netherlands,,Vught,,,,,,,
Eindhoven,Netherlands,,Vught,,,,,,,
Gilze-Rijen,Netherlands,,Vught,,,,,,,
Gravenhage (The Hague),Netherlands,,Vught,,,,,,,
Haaren par Tilburg,Netherlands,,Vught,,,,,,,
Leeuwarden,Netherlands,,Vught,,,,,,,
Moerdijk,Netherlands,,Vught,,,,,,,
Rozendaal,Netherlands,,Vught,,,,,,,
Sint Michielsgestel,Netherlands,,Vught,,,,,,,
Valkenburg par Leiden,Netherlands,,Vught,,,,,,,
Venlo (Luftwaffe airfield),Netherlands,,Vught,,,,,,,
Izbica,Poland,,Belzec,HOLDING,,,,,,
Aslau,Poland,Os?a,Gross-Rosen,,,"Concordia-Werk Bunzlau,ˇFocke-Wulfˇ(min. 616)",,,,
Bad Charlottenbrunn,Poland,Jedlina-Zdr¢j[2],Gross-Rosen,,,Organisation Todt[3],,,,
Bad Salzbrunnˇ[4],Poland,Szczawno-Zdr¢j,Gross-Rosen,,,construction work (men),,,,
Bad Warmbrunn,Poland,Cieplice ?l?skie-Zdr¢j,Gross-Rosen,,,Maschinen Fabrik Dorries-FÅllner (800),,,,
Bernsdorf,Poland,Bernartice (Trutnov District),Gross-Rosen,,,"Part of the 'Trautenau Ring' of labor camps under the command Fritz Ritterbusch and Else Hawlik. Immediate Supervisor, KommandofÅhrerin Maria MÅhl.",,,,
BirnbÑumel,Poland,Gruszeczka,Gross-Rosen,,,"Unternehmen Barthold (1,000 women)",,WOMEN,,
Bolkenhain,Poland,Bolk¢w,Gross-Rosen,,,Vereinigte Deutsche Metallwerke (min. 800),,,,
BreslauˇI & II,Poland,Wroc?aw,Gross-Rosen,,,"Famo-Werke, Linke-Hofmann-Werke (1,200 men)",,,,
BrÅnnlitz,Poland,Brn?nec,Gross-Rosen,,,"Armaments factory run byˇOskar Schindlerˇ(1,200)[5]",,,,
Buchwald-Hohenwiese,Poland,"Bukowiec, Jelenia G¢ra County",Gross-Rosen,,,maintenance,,,,
Bunzlau I & II,Poland,Boleslawiec,Gross-Rosen,,,"I: Holzindustrie Hubert Land (1,200); II: Concordia Spinerei und Weberei Company",,,,
Christianstadt,Poland,"Krzystkowiceˇ(pl),ˇNowogr¢d",Gross-Rosen,,,Dynamit AG Nobel,,,,
Dîrnhau,Poland,Kolce,Gross-Rosen,,,Organisation Todt,,,,
Dyhernfurth,Poland,Brzeg Dolny,Gross-Rosen,,,"Anorgana (450), Luranil, subcontractors (3,000)",,,,
Erlenbusch,Poland,"Olszyniec, Lower Silesian Voivodeship",Gross-Rosen,,,Stollen Wolfsberg und Hausdorfˇ[3],,,,
Eule,Poland,"Sowinaˇ(pl),ˇK?odzko County",Gross-Rosen,,,Komplex Riese,,,,
Falkenberg,Poland,"Sokolec, Lower Silesian Voivodeship",Gross-Rosen,,,"Stollen Falkenberg (1,500)",,,,
FaulbrÅck,Poland,Mo?cisko,Gross-Rosen,,,,,,,
Freiburg in Schlesien,Poland,?wiebodzice,Gross-Rosen,,,AEG Allgemeine ElektrcitÑts-Geselschaft,,,,
Friedland,Poland,Mierosz¢w,Gross-Rosen,,,Vereinigte Deutsche Metallwerke Hamburg,,,,
FÅnfteichen,Poland,Mi?oszyce,Gross-Rosen,,,"Friedrich KruppˇBerthawerk (6,000)",,,,
FÅrstenstein,Poland,Ksi??,Gross-Rosen,,,"Komplex Riese, mining",,,,
Gabersdorf,Poland,"Trutnov,ˇHradec",Gross-Rosen,,,"Hasse, Etrich, Vereinigte Textilwerke K.Z. Barthel; part of the 'Trautenau Ring' of labor camps under the command Fritz Ritterbusch and Else Hawlik. Immediate Supervisor, KommandofÅhrerin Charlotte Ressel.",,,,
Gassen,Poland,Jasie?,Gross-Rosen,,,,,,,
Gebhardsdorf,Poland,"Giebu?t¢w, Lower Silesian Voivodeship",Gross-Rosen,,,,,,,
Gellenau,Poland,"Jeleni¢w, Lower Silesian Voivodeship",Gross-Rosen,,,,,,,
Gîrlitz,Poland,Zgorzelec,Gross-Rosen,,,,,,,
GrÅnberg,Poland,Zielona G¢ra,Gross-Rosen,,,"(1,300 Jewish women) LagerfÅhrerin Anna Fiebig",,WOMEN,,
GrÑben,Poland,"Near Strzegom, ?widnica County, Lower Silesian Voivodeship",Gross-Rosen,,,"Part of the 'Trautenau Ring' of labor camps under the command Fritz Ritterbusch and Else Hawlik. Immediate Supervisor, KommandofÅhrerin Katharina Reimann.",,,,
Graffenort,Poland,Gorzan¢w,Gross-Rosen,,,,,,,
GrÑflich Rîhsdorf,Poland,Skarbowa (Wroc?aw),Gross-Rosen,,,Festung BreslauˇKommandofÅhrerinˇGertrud Sauer,,,,
Gruschwitz,Poland,Kruszwica,Gross-Rosen,,,,,,,
Grulich,Poland,Kraliky,Gross-Rosen,,,,,,,
Guben,Poland,"Gubin, Poland",Gross-Rosen,,,,,,,
Halbau,Poland,Ilowa,Gross-Rosen,,,,,,,
Halbstadt,Poland,Gross Rosen,Gross-Rosen,,,,,,,
Halbstadt,Poland,"Mezim?st°,ˇHradec",Gross-Rosen,,,,,,,
Hartmannsdorf,Poland,Mi?osz¢w,Gross-Rosen,,,,,,,
Hausdorf,Poland,Jugowice,Gross-Rosen,,,,,,,
Hirschberg,Poland,Jelenia G¢ra,Gross-Rosen,,,,,,,
Hochweiler,Poland,"Wierzchowice, Milicz County",Gross-Rosen,,,"Unternehmen Barthold (1,000 Jewish women (""Alte Ziegelei""))",,WOMEN,,
Hundsfeld (Breslau),Poland,Psie Pole,Gross-Rosen,,,KommandofÅhrerin Emilie (Emma) Kowa,,,,
Kaltenbrunn,Poland,Studzienno,Gross-Rosen,,,,,,,
Kaltwasser,Poland,"Zimna Woda,ˇG?uszyca",Gross-Rosen,,,,,,,
Kamenz,Poland,"Kamenz,ˇSaxony",Gross-Rosen,,,,,,,
Kittlitztreben,Poland,"Trzebie?, Lower Silesian Voivodeship",Gross-Rosen,,,,,,,
Klein Radisch,Poland,"Klein-Radisch, Rad?owkˇ(de)",Gross-Rosen,,,,,,,
Kînigszelt,Poland,Jaworzyna ?l?ska,Gross-Rosen,,,,,,,
Kratzau I and II,Poland,Chrastava,Gross-Rosen,,,,,,,
Kretschamberg,Poland,"Karczmarka,ˇTrzebie?",Gross-Rosen,,,,,,,
Kurzbach I,Poland,Buko?owo nearˇMilicz[2],Gross-Rosen,,,,,,,
Kurzbach-Gruenthal,Poland,"Gruenthal,ˇsee:ˇBuko?owoˇ(pl)",Gross-Rosen,,,,,,,
Langenbielau,Poland,"Bielawa,ˇDzier?oni¢w",Gross-Rosen,,,"Siling, Hansen, Telefunken, Krupp (2,000); served as a training location forˇSS-Aufseherinnenˇin 1944-1945.",,,,
Landeshut,Poland,Kamienna G¢ra,Gross-Rosen,,,,,,,
LÑrche,Poland,"G¢ra Sobo?ˇ(pl),ˇGlinica",Gross-Rosen,,,Project Riese[3],,,,
Laskowitz,Poland,Jelcz-Laskowice,Gross-Rosen,,,,,,,
Lehmwasserˇ[2],Poland,"Glinica,ˇJedlina-Zdr¢j",Gross-Rosen,,,,,,,
Liebau,Poland,Lubawka,Gross-Rosen,,,,,,,
Lissa,Poland,Wroc?aw,Gross-Rosen,,,,,,,
Ludwigsdorf,Poland,Ludwikowice Klodzkie,Gross-Rosen,,,Part of the Trautenau Ring' of labor camps under the command Fritz Ritterbusch and Else Hawlik.,,,,
MÑrzdorf,Poland,Marcisz¢w,Gross-Rosen,,,KommandofÅhrerin Erna Rinke,,,,
MarkstÑdt,Poland,Jelcz-Laskowice,Gross-Rosen,,,,,,,
MÑhrisch-Weisswasser,Poland,B°l† Voda,Gross-Rosen,,,Telefunken (200 women),,WOMEN,,
MÑrzbachtal,Poland,"Marcowy potok,ˇG?uszyca",Gross-Rosen,,,,,,,
Mittelsteine,Poland,?cinawka ?rednia,Gross-Rosen,,,,,,,
Namslau,Poland,Namys?¢w,Gross-Rosen,,,,,,,
Nei·e,Poland,"Nysa, Poland",Gross-Rosen,,,,,,,
Neuhammer,Poland,?wi?tosz¢w,Gross-Rosen,,,,,,,
Neusalz/Oder,Poland,Nowa S¢l,Gross-Rosen,,,,,,,
Niesky,Poland,"Niesky,ˇLusatia",Gross-Rosen,,,,,,,
Nimptsch,Poland,Niemcza,Gross-Rosen,,,,,,,
Ober Altstadt,Poland,"Ho?ej?i,ˇStarÇ M?sto[1]",Gross-Rosen,,,"Part of the 'Trautenau Ring' of labor camps under the command Fritz Ritterbusch and Else Hawlik. Immediate Supervisor, KommandofÅhrerin Irmgard Hoffmann.",,,,
Ober Hohenelbe,Poland,Vrchlabi,Gross-Rosen,,,Part of the 'Trautenau Ring' of labor camps under the command Fritz Ritterbusch and Else Hawlik.,,,,
OberwÅstegiersdorf,Poland,G?uszyca G¢rna,Gross-Rosen,,,,,,,
Parschnitz,Poland,"Po?°?°ˇ(cz),ˇTrutnov",Gross-Rosen,,,Au·enlagerˇand offices of the 'Trautenau Ring' of labor camps under the command Fritz Ritterbusch and Else Hawlik. Immediate Supervisor was SS-KommandofÅhrerin Isolde Reznick.,,,,
Parschnitz,Poland,Po?°?°ˇ[6],Gross-Rosen,,,Zwangsarbeitslager fÅr Juden,,,,
Peterswaldau,Poland,Pieszyce,Gross-Rosen,,,LagerfÅhrerin Else Hain,,,,
Prausnitz,Poland,Prusice,Gross-Rosen,,,,,,,
Reichenau,Poland,Rychnov u Jablonce nad Nisou,Gross-Rosen,,,,,,,
"Reichenbach, or Langenbielau II",Poland,Dzier?oni¢w,Gross-Rosen,,,,,,,
Rauscha,Poland,"Rusz¢w, Lower Silesian Voivodeship",Gross-Rosen,,,,,,,
Sackisch,Poland,Zakrze,Gross-Rosen,,,,,,,
Sankt/St. Georegnthal,Poland,Ji?et°n pod Jedlovou,Gross-Rosen,,,,,,,
Schatzlar,Poland,?aclÇ?,Gross-Rosen,,,"Part of the 'Trautenau Ring' of labor camps under the command Fritz Ritterbusch and Else Hawlik. Immediate Supervisor, KommandofÅhrerin Elisabeth Bischoff and Marchova.",,,,
Schertendorf,Poland,Przylep,Gross-Rosen,,,,,,,
Schmiedeberg,Poland,Kowary,Gross-Rosen,,,,,,,
Schotterwerk I,Poland,G?uszyca G¢rna[7],Gross-Rosen,,,"Lenz, Steinhage, Shcallhorn",,,,
Schotterwerk - Sauferwassergraben,Poland,"G¢ra Os¢wkaˇ(pl),ˇOwl Mountains[7]",Gross-Rosen,,,Project Riese,,,,
Schlesiersee,Poland,Slawa,Gross-Rosen,,,,,,,
Striegau,Poland,Strzegom,Gross-Rosen,,,,,,,
Schweidnitz,Poland,?widnica,Gross-Rosen,,,,,,,
Tannhausen,Poland,Jedlinka,Gross-Rosen,,,,,,,
Treskau,Poland,Owinska,Gross-Rosen,,,,,,,
Trautenau,Poland,Trutnov,Gross-Rosen,,,,,,,
Waldenburg,Poland,Wa?brzych,Gross-Rosen,,,,,,,
Weisswasser,Poland,Wei·wasser,Gross-Rosen,,,,,,,
Wiesau,Poland,Wiz¢wˇnearˇBoles?awiec,Gross-Rosen,,,,,,,
Wittichenau,Poland,"Wittichenau,ˇBautzen",Gross-Rosen,,,,,,,
Wolfsberg,Poland,"G¢ra W?odarzˇ(pl),ˇOwl Mountains",Gross-Rosen,,,Project Riese,,,,
WÅstegiersdorf,Poland,"G¢ra Sobo?ˇ(pl),ˇG?uszyca",Gross-Rosen,,,Project Riese,,,,
WÅstewaltersdorf,Poland,"Walim, Lower Silesian Voivodeship",Gross-Rosen,,,,,,,
Ziellerthal,Poland,Mys?akowice,Gross-Rosen,,,,,,,
Zittau,Poland,?itava,Gross-Rosen,,,,,,,
Budzyn,Poland,,Majdanek,,,,,,,
Hrubieszow,Poland,,Majdanek,,,,,,,
Lublin,Poland,,Majdanek,,,,,,,
Bocion,Poland,,Stutthof,,,,,,,
Bromberg,Poland,,Stutthof,,,,,,,
Chorabie,Poland,,Stutthof,,,,,,,
Cieszyny,Poland,,Stutthof,,,,,,,
Danzig-Burggraben / Kokokszki,Poland,,Stutthof,,,,,,,
Danzig-Neufahrwasser,Poland,,Stutthof,,,,,,,
Danzigerwerf / Gdansk,Poland,,Stutthof,,,,,,,
Dzimianen,Poland,,Stutthof,,,,,,,
Elbing,Poland,,Stutthof,,,,,,,
Elblag (Org. Todt),Poland,,Stutthof,,,,,,,
Elblag (Schinau),Poland,,Stutthof,,,,,,,
Police / Szczecin,Poland,,Stutthof,,,,,,,
Gdynia,Poland,,Stutthof,,,,,,,
Gerdenau,Poland,,Stutthof,,,,,,,
Graudenz,Poland,,Stutthof,,,,,,,
Greendorf,Poland,,Stutthof,,,,,,,
Grodno,Poland,,Stutthof,,,,,,,
Gutowo,Poland,,Stutthof,,,,,,,
Gwisdyn,Poland,,Stutthof,,,,,,,
Heiligenbeil,Poland,,Stutthof,,,,,,,
Jessu,Poland,,Stutthof,,,,,,,
Kokoschken,Poland,,Stutthof,,,,,,,
Kolkau,Poland,,Stutthof,,,,,,,
Krzemieniewo,Poland,,Stutthof,,,,,,,
Lauenburg,Poland,,Stutthof,,,,,,,
Malken Mierzynek,Poland,,Stutthof,,,,,,,
Nawitz,Poland,,Stutthof,,,,,,,
Niskie,Poland,,Stutthof,,,,,,,
Obrzycko,Poland,,Stutthof,,,,,,,
Prault,Poland,,Stutthof,,,,,,,
Rosenberg / Brodnica,Poland,,Stutthof,,,,,,,
Scherokopas,Poland,,Stutthof,,,,,,,
Schiffenbeil,Poland,,Stutthof,,,,,,,
Serappen,Poland,,Stutthof,,,,,,,
Sophienwalde,Poland,,Stutthof,,,,,,,
Slipsk,Poland,,Stutthof,,,,,,,
Starorod,Poland,,Stutthof,,,,,,,
Pruszcz,Poland,,Stutthof,,,,,,,
Brusy,Poland,,Stutthof,,,,,,,
"Torun (AEG, Org. Todt)",Poland,,Stutthof,,,,,,,
